{
  "JM-04 GET Bus Services" : {
    "transaction" : "JM-04 GET Bus Services",
    "sampleCount" : 5,
    "errorCount" : 0,
    "errorPct" : 0.0,
    "meanResTime" : 226.0,
    "medianResTime" : 225.0,
    "minResTime" : 219.0,
    "maxResTime" : 231.0,
    "pct1ResTime" : 231.0,
    "pct2ResTime" : 231.0,
    "pct3ResTime" : 231.0,
    "throughput" : 3.472222222222222,
    "receivedKBytesPerSec" : 5.262586805555555,
    "sentKBytesPerSec" : 0.5459255642361112
  },
  "JM-05 GET Bus Service Detail" : {
    "transaction" : "JM-05 GET Bus Service Detail",
    "sampleCount" : 5,
    "errorCount" : 0,
    "errorPct" : 0.0,
    "meanResTime" : 229.6,
    "medianResTime" : 230.0,
    "minResTime" : 222.0,
    "maxResTime" : 236.0,
    "pct1ResTime" : 236.0,
    "pct2ResTime" : 236.0,
    "pct3ResTime" : 236.0,
    "throughput" : 3.5335689045936394,
    "receivedKBytesPerSec" : 1.9462234982332156,
    "sentKBytesPerSec" : 0.6418396643109541
  },
  "JM-02 GET Route Search" : {
    "transaction" : "JM-02 GET Route Search",
    "sampleCount" : 5,
    "errorCount" : 0,
    "errorPct" : 0.0,
    "meanResTime" : 3434.0,
    "medianResTime" : 3359.0,
    "minResTime" : 3251.0,
    "maxResTime" : 3866.0,
    "pct1ResTime" : 3866.0,
    "pct2ResTime" : 3866.0,
    "pct3ResTime" : 3866.0,
    "throughput" : 1.0820168794633196,
    "receivedKBytesPerSec" : 5.0571609229603975,
    "sentKBytesPerSec" : 0.19548156513741613
  },
  "JM-01 GET All Routes" : {
    "transaction" : "JM-01 GET All Routes",
    "sampleCount" : 5,
    "errorCount" : 0,
    "errorPct" : 0.0,
    "meanResTime" : 293.4,
    "medianResTime" : 278.0,
    "minResTime" : 251.0,
    "maxResTime" : 370.0,
    "pct1ResTime" : 370.0,
    "pct2ResTime" : 370.0,
    "pct3ResTime" : 370.0,
    "throughput" : 4.835589941972921,
    "receivedKBytesPerSec" : 23.06821959622824,
    "sentKBytesPerSec" : 0.741394161025145
  },
  "Total" : {
    "transaction" : "Total",
    "sampleCount" : 30,
    "errorCount" : 0,
    "errorPct" : 0.0,
    "meanResTime" : 773.3000000000002,
    "medianResTime" : 231.5,
    "minResTime" : 219.0,
    "maxResTime" : 3866.0,
    "pct1ResTime" : 3352.2000000000003,
    "pct2ResTime" : 3611.3499999999995,
    "pct3ResTime" : 3866.0,
    "throughput" : 5.162622612287041,
    "receivedKBytesPerSec" : 10.598333172001377,
    "sentKBytesPerSec" : 1.1099974724660127
  },
  "JM-03 POST Customer" : {
    "transaction" : "JM-03 POST Customer",
    "sampleCount" : 5,
    "errorCount" : 0,
    "errorPct" : 0.0,
    "meanResTime" : 226.6,
    "medianResTime" : 226.0,
    "minResTime" : 220.0,
    "maxResTime" : 233.0,
    "pct1ResTime" : 233.0,
    "pct2ResTime" : 233.0,
    "pct3ResTime" : 233.0,
    "throughput" : 3.4770514603616136,
    "receivedKBytesPerSec" : 1.3480365525034772,
    "sentKBytesPerSec" : 1.0118763038942977
  },
  "JM-06 POST Booking Hire" : {
    "transaction" : "JM-06 POST Booking Hire",
    "sampleCount" : 5,
    "errorCount" : 0,
    "errorPct" : 0.0,
    "meanResTime" : 230.2,
    "medianResTime" : 229.0,
    "minResTime" : 224.0,
    "maxResTime" : 235.0,
    "pct1ResTime" : 235.0,
    "pct2ResTime" : 235.0,
    "pct3ResTime" : 235.0,
    "throughput" : 3.536067892503536,
    "receivedKBytesPerSec" : 1.4814190682461104,
    "sentKBytesPerSec" : 1.1533658946251768
  }
}